ProductID,ProductDescriptionID,Keyword
680,1090,alloy
706,1090,alloy
707,1212,fit
707,1212,lightweight
707,1212,snap
708,1212,fit
708,1212,lightweight
708,1212,snap
709,1189,combin
709,1189,cushion
709,1189,dri
709,1189,fiber
709,1189,natur
710,1189,combin
710,1189,cushion
710,1189,dri
710,1189,fiber
710,1189,natur
711,1212,fit
711,1212,lightweight
711,1212,snap
711,1212,snap-on
712,1210,brim
712,1210,fit
712,1210,flip
712,1210,flip-up
712,1210,one
712,1210,one-s
712,1210,size
712,1210,style
712,1210,tradit
713,1211,awc
713,1211,cycl
714,1211,awc
714,1211,cycl
714,1211,jersey
715,1211,awc
715,1211,cycl
716,1211,awc
716,1211,cycl
716,1211,jersey
717,1090,alloy
718,1090,alloy
719,1090,alloy
720,1090,alloy
721,1090,alloy
722,1020,absorpt
724,1020,absorpt
725,1020,absorpt
727,1020,absorpt
728,1020,absorpt
729,1020,absorpt
730,1020,absorpt
731,1062,alloy
731,1062,aluminum
732,1062,alloy
732,1062,aluminum
733,1062,alloy
733,1062,aluminum
734,1062,alloy
734,1062,aluminum
735,1062,alloy
735,1062,aluminum
736,1020,absorpt
737,1020,absorpt
738,1020,absorpt
739,647,absorb
740,647,absorb
741,647,absorb
742,647,absorb
743,647,absorb
744,647,absorb
745,647,absorb
746,647,absorb
747,647,absorb
748,647,absorb
749,457,adventur
749,457,allow
750,457,adventur
750,457,allow
751,457,adventur
751,457,allow
752,457,adventur
752,457,allow
753,457,adventur
753,457,allow
754,337,aerodynam
754,337,bike
755,337,aerodynam
755,337,bike
756,337,aerodynam
756,337,bike
757,337,aerodynam
757,337,bike
758,337,aerodynam
758,337,bike
759,249,acceler
760,249,acceler
761,249,acceler
762,249,acceler
763,249,acceler
765,249,acceler
766,249,acceler
767,249,acceler
769,249,acceler
770,249,acceler
771,168,bike
771,168,competit
772,168,bike
773,168,bike
774,168,bike
775,168,bike
776,168,bike
777,168,bike
778,168,bike
778,168,competit
779,128,-100
779,128,back
780,128,-100
780,128,back
781,128,-100
781,128,back
782,128,-100
782,128,back
783,128,-100
784,128,-100
785,88,addict
785,88,anywher
785,88,bike
786,88,addict
786,88,anywher
787,88,addict
787,88,anywher
787,88,bike
788,88,addict
788,88,anywher
789,409,alloy
790,409,alloy
791,409,alloy
791,409,alluminum
792,409,alloy
793,409,alloy
794,409,alloy
795,409,alloy
796,409,alloy
796,409,alluminum
797,320,all-around
797,320,around
798,320,all-around
798,320,around
799,320,all-around
799,320,around
800,320,all-around
800,320,around
801,320,all-around
801,320,around
802,633,absorb
802,633,design
802,633,offer
802,633,precis
802,633,shock
802,633,steer
802,633,stout
803,634,aluminum
803,634,composit
803,634,fork
803,634,road
803,634,steerer
803,634,tube
804,635,carbon
804,635,curv
804,635,fork
804,635,high
804,635,high-perform
804,635,leg
804,635,perform
804,635,road
805,744,econom
805,744,headset
805,744,price
805,744,provid
805,744,qualiti
805,744,threadless
806,745,cartridg
806,745,dirt
806,745,keep
806,745,seal
807,746,1
807,746,greas
807,746,headset
807,746,high
807,746,high-qual
807,746,lubric
807,746,port
807,746,qualiti
807,746,quick
807,746,threadless
808,697,all-purpos
808,697,bar
808,697,off-road
808,697,purpos
808,697,road
809,698,alloy
809,698,aluminum
809,698,bar
809,698,downhil
809,698,tough
810,699,bar
810,699,circuit
810,699,enough
810,699,flat
810,699,pro
810,699,strong
811,700,easier
811,700,lever
811,700,provid
811,700,reach
811,700,shape
811,700,uniqu
812,701,aluminum
812,701,anatom
812,701,bar
812,701,rider
812,701,shape
812,701,suit
812,701,tube
813,702,alloy
813,702,aluminum
813,702,anatom
813,702,bar
813,702,design
813,702,end
813,702,high
813,702,high-end
813,702,racer
813,702,shape
814,642,aluminum
814,642,detail
815,686,entri
815,686,entry-level
815,686,level
815,686,mountain
815,686,replac
815,686,rider
815,686,wheel
816,687,casual
816,687,mountain
816,687,replac
816,687,rider
816,687,serious
816,687,wheel
817,688,high
817,688,high-perform
817,688,mountain
817,688,perform
817,688,replac
817,688,wheel
818,689,cyclist
818,689,entri
818,689,entry-level
818,689,front
818,689,level
818,689,replac
818,689,road
818,689,wheel
819,690,alloy
819,690,featur
819,690,hub
819,690,quick
819,690,quick-releas
819,690,releas
819,690,sturdi
820,691,doubl
820,691,double-wal
820,691,rim
820,691,strong
820,691,wall
820,691,wheel
821,692,aerodynam
821,692,ride
821,692,rim
821,692,smooth
822,661,alloy
822,661,aluminum
823,1981,entri
823,1981,entry-level
823,1981,level
823,1981,mountain
823,1981,replac
823,1981,rider
823,1981,wheel
824,1987,casual
824,1987,mountain
824,1987,replac
824,1987,rider
824,1987,serious
824,1987,wheel
825,1993,high
825,1993,high-perform
825,1993,mountain
825,1993,perform
825,1993,replac
825,1993,wheel
826,1999,cyclist
826,1999,entri
826,1999,entry-level
826,1999,level
826,1999,rear
826,1999,replac
826,1999,road
826,1999,wheel
827,871,alloy
827,871,aluminum
827,871,built
827,871,rim
827,871,speed
827,871,spoke
827,871,stainless
827,871,steel
828,872,doubl
828,872,double-wal
828,872,rear
828,872,rim
828,872,strong
828,872,wall
828,872,wheel
829,873,aerodynam
829,873,excel
829,873,guarante
829,873,ride
829,873,rim
829,873,smooth
830,644,aluminum
830,644,detail
830,644,frame
831,644,aluminum
831,644,detail
831,644,frame
831,644,heat
832,644,aluminum
832,644,detail
832,644,frame
833,661,alloy
833,661,aluminum
834,661,alloy
834,661,aluminum
835,661,alloy
835,661,aluminum
836,661,alloy
836,661,aluminum
837,1090,alloy
838,1090,alloy
840,1090,alloy
841,1200,8
841,1200,elast
842,1193,access
842,1193,construct
842,1193,durabl
842,1193,easi
842,1193,enough
842,1193,larg
842,1193,nylon
842,1193,proof
842,1193,trip
842,1193,water
843,1216,2
843,1216,carrier
843,1216,fit
843,1216,front
843,1216,includ
843,1216,key
843,1216,rear
843,1216,tire
843,1216,wrap
844,1191,160psi
844,1191,aluminum
844,1191,barrel
844,1191,conveni
844,1191,design
844,1191,fit
844,1191,pocket
844,1191,rate
845,1206,emerg
845,1206,handl
845,1206,light
845,1206,light-weight
845,1206,patch
845,1206,simpl
845,1206,store
845,1206,weight
846,1183,3
846,1183,aaa
846,1183,afford
846,1183,batteri
846,1183,light
846,1183,night
846,1183,ride
846,1183,safe
846,1183,use
847,1202,beam
847,1202,dual
847,1202,dual-beam
847,1202,headlight
847,1202,recharg
848,1203,headlight
848,1203,rug
848,1203,weatherproof
849,1200,8
849,1200,elast
849,1200,gripper
850,1200,8
850,1200,elast
851,1200,8
851,1200,elast
851,1200,gripper
852,1214,chamoi
852,1214,construct
852,1214,elimin
852,1214,point
853,1214,chamoi
853,1214,construct
853,1214,elimin
854,1214,chamoi
854,1214,construct
854,1214,elimin
855,1192,awc
855,1192,chamoi
855,1192,control
856,1192,awc
856,1192,chamoi
856,1192,control
856,1192,design
857,1192,awc
857,1192,chamoi
857,1192,control
858,1194,adjust
858,1194,closur
858,1194,durabl
859,1194,adjust
859,1194,closur
859,1194,durabl
859,1194,finger
860,1194,adjust
860,1194,closur
860,1194,durabl
861,1195,awc
861,1195,breathabl
861,1195,flexibl
861,1195,knuckl
862,1195,awc
862,1195,breathabl
862,1195,flexibl
863,1195,awc
863,1195,breathabl
863,1195,flexibl
864,1199,fit
864,1199,light
864,1199,light-weight
865,1199,fit
865,1199,light
865,1199,light-weight
866,1199,fit
866,1199,light
866,1199,light-weight
866,1199,pack
867,1196,abras
867,1196,abrasion-resist
867,1196,anti
868,1196,abras
868,1196,abrasion-resist
868,1196,anti
868,1196,anti-bacteri
869,1196,abras
869,1196,abrasion-resist
869,1196,anti
870,1186,30
870,1186,awc
870,1186,bottl
870,1186,hold
870,1186,leak
870,1186,leak-proof
870,1186,logo
870,1186,oz
870,1186,proof
870,1186,water
871,1209,aluminum
871,1209,bottl
871,1209,cage
871,1209,hold
871,1209,secur
871,1209,terrain
871,1209,tough
872,1185,aluminum
872,1185,cage
872,1185,distanc
872,1185,lighter
872,1185,long
872,1185,mountain
872,1185,perfect
872,1185,trip
872,1185,version
873,1197,8
873,1197,differ
873,1197,glue
873,1197,includ
873,1197,patch
873,1197,sandpap
873,1197,size
874,1208,cuff
874,1208,durabl
874,1208,lightweight
874,1208,stay
874,1208,thin
875,1208,cuff
875,1208,durabl
875,1208,lightweight
875,1208,stay
875,1208,thin
876,1187,2
876,1187,4
876,1187,bike
876,1187,carri
876,1187,construct
876,1187,fit
876,1187,hitch
876,1187,receiv
876,1187,secur
876,1187,steel
877,1215,1
877,1215,bottl
877,1215,dissolv
877,1215,environment
877,1215,greas
877,1215,grime
877,1215,liter
877,1215,road
877,1215,safe
877,1215,toughest
878,1188,bike
878,1188,clip
878,1188,clip-on
878,1188,fender
878,1188,fit
878,1188,mountain
879,1201,adjust
879,1201,all-purpos
879,1201,bike
879,1201,clamp
879,1201,construct
879,1201,home
879,1201,perfect
879,1201,purpos
879,1201,quick
879,1201,quick-adjust
880,1213,70
880,1213,access
880,1213,belt
880,1213,easi
880,1213,easy-fil
880,1213,extra
880,1213,fill
880,1213,hydrat
880,1213,offer
880,1213,oz
881,1205,3
881,1205,back
882,1205,3
882,1205,back
883,1205,3
883,1205,back
883,1205,breathabl
884,1205,3
884,1205,back
884,1205,breathabl
885,1182,aluminum
885,1182,challeng
886,1146,aluminum
887,1182,aluminum
888,1182,aluminum
888,1182,challeng
889,1182,aluminum
890,1182,aluminum
891,1182,aluminum
892,1182,aluminum
893,1182,aluminum
894,2005,design
894,2005,link
894,2005,wide
894,2005,wide-link
895,1146,aluminum
896,1146,aluminum
897,1146,aluminum
898,1146,aluminum
899,1146,aluminum
900,1146,aluminum
901,1146,aluminum
902,1146,aluminum
903,1146,aluminum
904,642,aluminum
904,642,detail
905,642,aluminum
905,642,detail
906,642,aluminum
906,642,detail
908,885,comfort
908,885,featur
908,885,gel
908,885,increas
908,885,leather
908,885,synthet
909,886,absorb
909,886,design
909,886,shock
910,887,anatom
910,887,comfort
910,887,day
910,887,design
910,887,durabl
910,887,full
910,887,full-day
910,887,leather
910,887,ride
911,888,foam
911,888,foam-pad
911,888,lightweight
911,888,pad
911,888,saddl
912,889,absorb
912,889,bump
912,889,bumper
912,889,rubber
913,890,kevlar
913,890,leather
913,890,lightweight
913,890,race
913,890,saddl
914,891,comfort
914,891,ergonom
914,891,gel
914,891,saddl
914,891,shape
915,892,design
915,892,long
915,892,new
915,892,pressur
915,892,reliev
915,892,ride
916,893,comfort
916,893,cut
916,893,cut-out
916,893,ride
916,893,shell
917,637,aluminum
918,637,aluminum
919,637,aluminum
920,637,aluminum
921,912,seal
921,912,self
921,912,self-seal
921,912,tube
922,913,all-purpos
922,913,convent
922,913,purpos
922,913,tube
923,914,general
923,914,purpos
923,914,tube
924,637,aluminum
925,637,aluminum
926,637,aluminum
927,637,aluminum
928,903,bead
928,903,case
928,903,compar
928,903,expens
928,903,less
928,903,traction
928,903,wire
929,904,densiti
929,904,great
929,904,high
929,904,high-dens
929,904,rubber
929,904,traction
930,905,carbon
930,905,incred
930,905,lightweight
930,905,reinforc
930,905,traction
931,906,bead
931,906,case
931,906,expens
931,906,great
931,906,less
931,906,tire
931,906,tread
931,906,wire
932,907,densiti
932,907,higher
932,907,rubber
933,908,carbon
933,908,compromis
933,908,lightweight
933,908,reinforc
933,908,ride
933,908,un
933,908,un-compromis
933,908,unriv
933,908,weight
934,909,densiti
934,909,high
934,909,high-dens
934,909,rubber
935,847,all-around
935,847,around
935,847,expand
935,847,great
935,847,platform
935,847,ride
935,847,shoe
936,848,adjust
936,848,clipless
936,848,durabl
936,848,lightweight
936,848,pedal
936,848,tension
937,849,design
937,849,easili
937,849,mud
937,849,shed
937,849,stainless
937,849,steel
938,850,aluminum
938,850,clipless
938,850,pedal
939,851,alloy
939,851,aluminum
939,851,construct
939,851,lightweight
940,852,adjust
940,852,clipless
940,852,line
940,852,pedal
940,852,tension
940,852,top
940,852,top-of-the-lin
941,853,all-day
941,853,day
941,853,pedal
941,853,ride
941,853,stabl
942,642,aluminum
942,642,detail
943,637,aluminum
944,637,aluminum
945,630,design
945,630,link
945,630,wide
945,630,wide-link
946,703,entri
946,703,fatigu
946,703,level
946,703,reduc
946,703,rider
946,703,shape
946,703,uniqu
947,704,aluminum
947,704,bar
947,704,distanc
947,704,light
947,704,long
947,704,ride
947,704,stiff
947,704,yet
948,627,all-weath
948,627,appli
948,627,brake
948,627,pad
948,627,provid
948,627,rim
948,627,stop
948,627,superior
948,627,surfac
948,627,weather
949,618,rigid
949,618,spindl
949,618,super
950,619,arm
950,619,crank
950,619,high
950,619,high-strength
950,619,strength
951,620,alumunim
951,620,arm
951,620,crank
951,620,crankset
951,620,flawless
951,620,shift
951,620,tripl
952,613,perform
952,613,shift
952,613,superior
953,554,add
953,554,bag
954,594,ad
955,594,ad
956,594,ad
957,594,ad
957,594,alloy
958,513,all-occas
959,513,all-occas
960,513,all-occas
961,513,all-occas
962,513,all-occas
963,513,all-occas
964,513,all-occas
965,513,all-occas
966,594,ad
967,594,ad
968,594,ad
969,594,ad
969,594,alloy
970,554,add
970,554,bag
970,554,bike
971,554,add
971,554,bag
971,554,bike
972,554,add
972,554,bag
973,376,advanc
973,376,aerodynam
974,376,advanc
974,376,aerodynam
975,376,advanc
975,376,aerodynam
975,376,bike
976,376,advanc
976,376,aerodynam
976,376,bike
977,209,adult
977,209,bike
978,513,all-occas
979,513,all-occas
980,64,bike
980,64,budget
981,64,bike
981,64,budget
981,64,decid
982,64,bike
982,64,budget
983,64,bike
983,64,budget
983,64,decid
984,8,budget
985,8,budget
986,8,budget
987,8,budget
988,8,budget
989,8,budget
990,8,budget
991,8,budget
992,8,budget
993,8,budget
994,3,chromoli
994,3,steel
995,4,alloy
995,4,aluminum
995,4,cup
995,4,diamet
995,4,larg
995,4,spindl
996,5,alloy
996,5,aluminum
996,5,axl
996,5,cup
996,5,hollow
997,209,adult
997,209,bike
998,209,adult
998,209,bike
998,209,block
999,209,adult
999,209,bike
999,209,block
