TerritoryID,Name,CountryRegionCode,Group,SalesYTD,SalesLastYear,CostYTD,CostLastYear,rowguid,ModifiedDate
1,Northwest,US,North America,7887186.788,3298694.494,0,0,43689A10-E30B-497F-B0DE-11DE20267FF7,2008-04-30
2,Northeast,US,North America,2402176.848,3607148.937,0,0,00FB7309-96CC-49E2-8363-0A1BA72486F2,2008-04-30
3,Central,US,North America,3072175.118,3205014.077,0,0,DF6E7FD8-1A8D-468C-B103-ED8ADDB452C1,2008-04-30
4,Southwest,US,North America,10510853.87,5366575.71,0,0,DC3E9EA0-7950-4431-9428-99DBCBC33865,2008-04-30
5,Southeast,US,North America,2538667.252,3925071.432,0,0,6DC4165A-5E4C-42D2-809D-4344E0AC75E7,2008-04-30
6,Canada,CA,North America,6771829.138,5693988.86,0,0,06B4AF8A-1639-476E-9266-110461D66B00,2008-04-30
7,France,FR,Europe,4772398.308,2396539.76,0,0,BF806804-9B4C-4B07-9D19-706F2E689552,2008-04-30
8,Germany,DE,Europe,3805202.348,1307949.792,0,0,6D2450DB-8159-414F-A917-E73EE91C38A9,2008-04-30
9,Australia,AU,Pacific,5977814.915,2278548.978,0,0,602E612E-DFE9-41D9-B894-27E489747885,2008-04-30
10,United Kingdom,GB,Europe,5012905.366,1635823.397,0,0,05FC7E1F-2DEA-414E-9ECD-09D150516FB5,2008-04-30
